#CHR	START	END	GENE	CDS_MUTATION_SYNTAX	AA_MUTATION_SYNTAX	REPORT	COMMENT	EXON	ACCESSION_NUMBER
NC_000001.10	115252190	115252349	NRAS	-	-	indel	-	exon4	NM_002524
NC_000001.10	115252202	115252202	NRAS	c.C438	p.A146	hotspot	-	exon4	NM_002524
NC_000001.10	115252203	115252203	NRAS	c.C437	p.A146	hotspot	-	exon4	NM_002524
NC_000001.10	115252204	115252204	NRAS	c.G436	p.A146	hotspot	-	exon4	NM_002524
NC_000001.10	115252289	115252289	NRAS	c.G351	p.K117	hotspot	-	exon4	NM_002524
NC_000001.10	115252290	115252290	NRAS	c.A350	p.K117	hotspot	-	exon4	NM_002524
NC_000001.10	115252291	115252291	NRAS	c.A349	p.K117	hotspot	-	exon4	NM_002524
NC_000001.10	115256421	115256599	NRAS	-	-	indel	-	exon3	NM_002524
NC_000001.10	115256518	115256518	NRAS	c.A193	p.S65	region	-	exon3	NM_002524
NC_000001.10	115256528	115256528	NRAS	c.A183	p.Q61	hotspot	-	exon3	NM_002524
NC_000001.10	115256529	115256529	NRAS	c.A182	p.Q61	hotspot	-	exon3	NM_002524
NC_000001.10	115256530	115256530	NRAS	c.C181	p.Q61	hotspot	-	exon3	NM_002524
NC_000001.10	115256531	115256531	NRAS	c.A180	p.G60	hotspot	-	exon3	NM_002524
NC_000001.10	115256532	115256532	NRAS	c.G179	p.G60	region	-	exon3	NM_002524
NC_000001.10	115256534	115256534	NRAS	c.T177	p.A59	hotspot	-	exon3	NM_002524
NC_000001.10	115256535	115256535	NRAS	c.C176	p.A59	hotspot	-	exon3	NM_002524
NC_000001.10	115256536	115256536	NRAS	c.G175	p.A59	hotspot	-	exon3	NM_002524
NC_000001.10	115256537	115256537	NRAS	c.A174	p.T58	region	-	exon3	NM_002524
NC_000001.10	115256538	115256538	NRAS	c.C173	p.T58	region	-	exon3	NM_002524
NC_000001.10	115256539	115256539	NRAS	c.A172	p.T58	region	-	exon3	NM_002524
NC_000001.10	115258671	115258798	NRAS	-	-	indel	-	exon2	NM_002524
NC_000001.10	115258730	115258730	NRAS	c.G52	p.A18	region	-	exon2	NM_002524
NC_000001.10	115258743	115258743	NRAS	c.T39	p.G13	hotspot	-	exon2	NM_002524
NC_000001.10	115258744	115258744	NRAS	c.G38	p.G13	hotspot	-	exon2	NM_002524
NC_000001.10	115258745	115258745	NRAS	c.G37	p.G13	hotspot	-	exon2	NM_002524
NC_000001.10	115258746	115258746	NRAS	c.T36	p.G12	hotspot	-	exon2	NM_002524
NC_000001.10	115258747	115258747	NRAS	c.G35	p.G12	hotspot	-	exon2	NM_002524
NC_000001.10	115258748	115258748	NRAS	c.G34	p.G12	hotspot	-	exon2	NM_002524
NC_000001.10	115258751	115258751	NRAS	c.G31	p.A11	region	-	exon2	NM_002524
NC_000002.11	29432682	29432682	ALK	c.G3806	p.G1269	region_all	resistance_mutation	exon25	NM_004304
NC_000002.11	29443613	29443613	ALK	c.G3604	p.G1202	region_all	resistance_mutation	exon23	NM_004304
NC_000002.11	29443631	29443631	ALK	c.C3586	p.L1196	region_all	resistance_mutation	exon23	NM_004304
NC_000002.11	29443695	29443695	ALK	c.C3522	p.F1174	region_all	resistance_mutation	exon23	NM_004304
NC_000002.11	29443696	29443696	ALK	c.T3521	p.F1174	region_all	resistance_mutation	exon23	NM_004304
NC_000002.11	29443697	29443697	ALK	c.T3520	p.F1174	region_all	resistance_mutation	exon23	NM_004304
NC_000002.11	29445213	29445213	ALK	c.T3512	p.I1171	region_all	resistance_mutation	exon22	NM_004304
NC_000002.11	29445258	29445258	ALK	c.G3467	p.C1156	region_all	resistance_mutation	exon22	NM_004304
NC_000002.11	29445269	29445269	ALK	c.G3456	p.L1152	region_all	resistance_mutation	exon22	NM_004304
NC_000002.11	29445270	29445270	ALK	c.T3455	p.L1152	region_all	resistance_mutation	exon22	NM_004304
NC_000002.11	29445271	29445271	ALK	c.C3454	p.L1152	region_all	resistance_mutation	exon22	NM_004304
NC_000002.11	29445272	29445272	ALK	c.G3453	p.T1151	region_all	resistance_mutation	exon22	NM_004304
NC_000002.11	29445273	29445273	ALK	c.C3452	p.T1151	region_all	resistance_mutation	exon22	NM_004304
NC_000002.11	29445274	29445274	ALK	c.A3451	p.T1151	region_all	resistance_mutation	exon22	NM_004304
NC_000003.11	178936082	178936082	PIK3CA	c.G1624	p.E542	hotspot	-	exon10	NM_006218
NC_000003.11	178936083	178936083	PIK3CA	c.A1625	p.E542	hotspot	-	exon10	NM_006218
NC_000003.11	178936084	178936084	PIK3CA	c.A1626	p.E542	hotspot	-	exon10	NM_006218
NC_000003.11	178936091	178936091	PIK3CA	c.G1633	p.E545	hotspot	-	exon10	NM_006218
NC_000003.11	178936092	178936092	PIK3CA	c.A1634	p.E545	hotspot	-	exon10	NM_006218
NC_000003.11	178936093	178936093	PIK3CA	c.G1635	p.E545	hotspot	-	exon10	NM_006218
NC_000003.11	178936094	178936094	PIK3CA	c.C1636	p.Q546	hotspot	-	exon10	NM_006218
NC_000003.11	178936095	178936095	PIK3CA	c.A1637	p.Q546	hotspot	-	exon10	NM_006218
NC_000003.11	178936096	178936096	PIK3CA	c.G1638	p.Q546	hotspot	-	exon10	NM_006218
NC_000003.11	178952006	178952006	PIK3CA	c.T3061	p.Y1021	hotspot	-	exon21	NM_006218
NC_000003.11	178952007	178952007	PIK3CA	c.A3062	p.Y1021	hotspot	-	exon21	NM_006218
NC_000003.11	178952008	178952008	PIK3CA	c.C3063	p.Y1021	hotspot	-	exon21	NM_006218
NC_000003.11	178952072	178952072	PIK3CA	c.A3127	p.M1043	hotspot	-	exon21	NM_006218
NC_000003.11	178952073	178952073	PIK3CA	c.T3128	p.M1043	hotspot	-	exon21	NM_006218
NC_000003.11	178952074	178952074	PIK3CA	c.G3129	p.M1043	hotspot	-	exon21	NM_006218
NC_000003.11	178952075	178952075	PIK3CA	c.A3130	p.N1044	hotspot	-	exon21	NM_006218
NC_000003.11	178952076	178952076	PIK3CA	c.A3131	p.N1044	hotspot	-	exon21	NM_006218
NC_000003.11	178952077	178952077	PIK3CA	c.T3132	p.N1044	hotspot	-	exon21	NM_006218
NC_000003.11	178952084	178952084	PIK3CA	c.C3139	p.H1047	hotspot	-	exon21	NM_006218
NC_000003.11	178952085	178952085	PIK3CA	c.A3140	p.H1047	hotspot	-	exon21	NM_006218
NC_000003.11	178952086	178952086	PIK3CA	c.T3141	p.H1047	hotspot	-	exon21	NM_006218
NC_000007.13	55228009	55228009	EGFR	c.C1476	p.S492	region	-	exon12	NM_005228
NC_000007.13	55241614	55241736	EGFR	-	-	region	-	exon18	NM_005228
NC_000007.13	55241617	55241617	EGFR	c.G2065	p.V689	hotspot	-	exon18	NM_005228
NC_000007.13	55241618	55241618	EGFR	c.T2066	p.V689	hotspot	-	exon18	NM_005228
NC_000007.13	55241619	55241619	EGFR	c.G2067	p.V689	hotspot	-	exon18	NM_005228
NC_000007.13	55241644	55241644	EGFR	c.G2092	p.A698	hotspot	-	exon18	NM_005228
NC_000007.13	55241650	55241650	EGFR	c.A2098	p.N700	hotspot	-	exon18	NM_005228
NC_000007.13	55241651	55241651	EGFR	c.A2099	p.N700	hotspot	-	exon18	NM_005228
NC_000007.13	55241652	55241652	EGFR	c.C2100	p.N700	hotspot	-	exon18	NM_005228
NC_000007.13	55241656	55241656	EGFR	c.G2104	p.A702	hotspot	-	exon18	NM_005228
NC_000007.13	55241657	55241657	EGFR	c.C2105	p.A702	hotspot	-	exon18	NM_005228
NC_000007.13	55241658	55241658	EGFR	c.T2106	p.A702	hotspot	-	exon18	NM_005228
NC_000007.13	55241659	55241659	EGFR	c.C2107	p.L703	hotspot	-	exon18	NM_005228
NC_000007.13	55241660	55241660	EGFR	c.T2108	p.L703	hotspot	-	exon18	NM_005228
NC_000007.13	55241661	55241661	EGFR	c.C2109	p.L703	hotspot	-	exon18	NM_005228
NC_000007.13	55241677	55241677	EGFR	c.G2125	p.E709	hotspot	-	exon18	NM_005228
NC_000007.13	55241678	55241678	EGFR	c.A2126	p.E709	hotspot	-	exon18	NM_005228
NC_000007.13	55241679	55241679	EGFR	c.A2127	p.E709	hotspot	-	exon18	NM_005228
NC_000007.13	55241686	55241686	EGFR	c.T2134	p.F712	hotspot	-	exon18	NM_005228
NC_000007.13	55241687	55241687	EGFR	c.T2135	p.F712	hotspot	-	exon18	NM_005228
NC_000007.13	55241688	55241688	EGFR	c.C2136	p.F712	hotspot	-	exon18	NM_005228
NC_000007.13	55241706	55241706	EGFR	c.G2154	p.L718	hotspot	-	exon18	NM_005228
NC_000007.13	55241707	55241707	EGFR	c.G2155	p.G719	hotspot	-	exon18	NM_005228
NC_000007.13	55241708	55241708	EGFR	c.G2156	p.G719	hotspot	-	exon18	NM_005228
NC_000007.13	55241709	55241709	EGFR	c.C2157	p.G719	hotspot	-	exon18	NM_005228
NC_000007.13	55241710	55241710	EGFR	c.T2158	p.S720	hotspot	-	exon18	NM_005228
NC_000007.13	55241711	55241711	EGFR	c.C2159	p.S720	hotspot	-	exon18	NM_005228
NC_000007.13	55241712	55241712	EGFR	c.C2160	p.S720	hotspot	-	exon18	NM_005228
NC_000007.13	55241713	55241713	EGFR	c.G2161	p.G721	hotspot	-	exon18	NM_005228
NC_000007.13	55241714	55241714	EGFR	c.G2162	p.G721	hotspot	-	exon18	NM_005228
NC_000007.13	55241715	55241715	EGFR	c.T2163	p.G721	hotspot	-	exon18	NM_005228
NC_000007.13	55241722	55241722	EGFR	c.G2170	p.G724	hotspot	-	exon18	NM_005228
NC_000007.13	55242415	55242513	EGFR	-	-	region	-	exon19	NM_005228
NC_000007.13	55242423	55242423	EGFR	c.G2193	p.W731	hotspot	-	exon19	NM_005228
NC_000007.13	55242427	55242427	EGFR	c.C2197	p.P733	hotspot	-	exon19	NM_005228
NC_000007.13	55242428	55242428	EGFR	c.C2198	p.P733	hotspot	-	exon19	NM_005228
NC_000007.13	55242433	55242433	EGFR	c.G2203	p.G735	hotspot	-	exon19	NM_005228
NC_000007.13	55242443	55242443	EGFR	c.T2213	p.V738	hotspot	-	exon19	NM_005228
NC_000007.13	55242452	55242452	EGFR	c.C2222	p.P741	hotspot	-	exon19	NM_005228
NC_000007.13	55242457	55242457	EGFR	c.G2227	p.A743	hotspot	-	exon19	NM_005228
NC_000007.13	55242466	55242466	EGFR	c.G2236	p.E746	hotspot	-	exon19	NM_005228
NC_000007.13	55242467	55242467	EGFR	-	p.E746	region_all	-	exon19	NM_005228
NC_000007.13	55242468	55242468	EGFR	-	p.E746	region_all	-	exon19	NM_005228
NC_000007.13	55242469	55242469	EGFR	c.T2239	p.L747	hotspot	-	exon19	NM_005228
NC_000007.13	55242470	55242470	EGFR	c.T2240	p.L747	hotspot	-	exon19	NM_005228
NC_000007.13	55242471	55242471	EGFR	-	p.L747	region_all	-	exon19	NM_005228
NC_000007.13	55242472	55242472	EGFR	-	p.R748	region_all	-	exon19	NM_005228
NC_000007.13	55242473	55242473	EGFR	-	p.R748	region_all	-	exon19	NM_005228
NC_000007.13	55242474	55242474	EGFR	-	p.R748	region_all	-	exon19	NM_005228
NC_000007.13	55242475	55242475	EGFR	-	p.E749	region_all	-	exon19	NM_005228
NC_000007.13	55242476	55242476	EGFR	-	p.E749	region_all	-	exon19	NM_005228
NC_000007.13	55242477	55242477	EGFR	-	p.E749	region_all	-	exon19	NM_005228
NC_000007.13	55242478	55242478	EGFR	-	p.A750	region_all	-	exon19	NM_005228
NC_000007.13	55242479	55242479	EGFR	-	p.A750	region_all	-	exon19	NM_005228
NC_000007.13	55242480	55242480	EGFR	-	p.A750	region_all	-	exon19	NM_005228
NC_000007.13	55242481	55242481	EGFR	-	p.T751	region_all	-	exon19	NM_005228
NC_000007.13	55242482	55242482	EGFR	c.C2252	p.T751	hotspot	-	exon19	NM_005228
NC_000007.13	55242483	55242483	EGFR	-	p.T751	region_all	-	exon19	NM_005228
NC_000007.13	55242484	55242484	EGFR	c.T2254	p.S752	hotspot	-	exon19	NM_005228
NC_000007.13	55242485	55242485	EGFR	-	p.S752	region_all	-	exon19	NM_005228
NC_000007.13	55242486	55242486	EGFR	-	p.S752	region_all	-	exon19	NM_005228
NC_000007.13	55242487	55242487	EGFR	c.C2257	p.P753	hotspot	-	exon19	NM_005228
NC_000007.13	55242490	55242490	EGFR	c.A2260	p.K754	hotspot	-	exon19	NM_005228
NC_000007.13	55242511	55242511	EGFR	c.G2281	p.D761	hotspot	-	exon19	NM_005228
NC_000007.13	55242512	55242512	EGFR	c.A2282	p.D761	hotspot	-	exon19	NM_005228
NC_000007.13	55242513	55242513	EGFR	c.T2283	p.D761	hotspot	-	exon19	NM_005228
NC_000007.13	55248986	55249171	EGFR	-	-	region	-	exon20	NM_005228
NC_000007.13	55248995	55248995	EGFR	c.G2293	p.V765	hotspot	-	exon20	NM_005228
NC_000007.13	55248996	55248996	EGFR	c.T2294	p.V765	hotspot	-	exon20	NM_005228
NC_000007.13	55248997	55248997	EGFR	c.G2295	p.V765	hotspot	-	exon20	NM_005228
NC_000007.13	55249002	55249002	EGFR	c.C2300	p.A767	hotspot	-	exon20	NM_005228
NC_000007.13	55249003	55249003	EGFR	c.C2301	p.A767	hotspot	-	exon20	NM_005228
NC_000007.13	55249004	55249004	EGFR	c.A2302	p.S768	hotspot	-	exon20	NM_005228
NC_000007.13	55249005	55249005	EGFR	c.G2303	p.S768	hotspot	-	exon20	NM_005228
NC_000007.13	55249006	55249006	EGFR	c.C2304	p.S768	hotspot	-	exon20	NM_005228
NC_000007.13	55249007	55249007	EGFR	c.G2305	p.V769	hotspot	-	exon20	NM_005228
NC_000007.13	55249008	55249008	EGFR	c.T2306	p.V769	hotspot	-	exon20	NM_005228
NC_000007.13	55249009	55249009	EGFR	c.G2307	p.V769	hotspot	-	exon20	NM_005228
NC_000007.13	55249010	55249010	EGFR	c.G2308	p.D770	hotspot	-	exon20	NM_005228
NC_000007.13	55249011	55249011	EGFR	c.A2309	p.D770	hotspot	-	exon20	NM_005228
NC_000007.13	55249012	55249012	EGFR	c.C2310	p.D770	hotspot	-	exon20	NM_005228
NC_000007.13	55249013	55249013	EGFR	c.A2311	p.N771	hotspot	-	exon20	NM_005228
NC_000007.13	55249020	55249020	EGFR	c.A2318	p.H773	hotspot	-	exon20	NM_005228
NC_000007.13	55249021	55249021	EGFR	c.C2319	p.H773	hotspot	-	exon20	NM_005228
NC_000007.13	55249022	55249022	EGFR	c.G2320	p.V774	hotspot	-	exon20	NM_005228
NC_000007.13	55249026	55249026	EGFR	c.G2324	p.C775	hotspot	-	exon20	NM_005228
NC_000007.13	55249028	55249028	EGFR	c.C2326	p.R776	hotspot	-	exon20	NM_005228
NC_000007.13	55249029	55249029	EGFR	c.G2327	p.R776	hotspot	-	exon20	NM_005228
NC_000007.13	55249037	55249037	EGFR	c.G2335	p.G779	hotspot	-	exon20	NM_005228
NC_000007.13	55249038	55249038	EGFR	c.G2336	p.G779	hotspot	-	exon20	NM_005228
NC_000007.13	55249049	55249049	EGFR	c.A2347	p.T783	hotspot	-	exon20	NM_005228
NC_000007.13	55249050	55249050	EGFR	c.C2348	p.T783	hotspot	-	exon20	NM_005228
NC_000007.13	55249051	55249051	EGFR	c.C2349	p.T783	hotspot	-	exon20	NM_005228
NC_000007.13	55249052	55249052	EGFR	c.T2350	p.S784	hotspot	-	exon20	NM_005228
NC_000007.13	55249053	55249053	EGFR	c.C2351	p.S784	hotspot	-	exon20	NM_005228
NC_000007.13	55249058	55249058	EGFR	c.G2356	p.V786	hotspot	-	exon20	NM_005228
NC_000007.13	55249070	55249070	EGFR	c.A2368	p.T790	hotspot	resistance_mutation	exon20	NM_005228
NC_000007.13	55249071	55249071	EGFR	c.C2369	p.T790	hotspot	resistance_mutation	exon20	NM_005228
NC_000007.13	55249072	55249072	EGFR	c.G2370	p.T790	hotspot	resistance_mutation	exon20	NM_005228
NC_000007.13	55249077	55249077	EGFR	c.T2375	p.L792	hotspot	-	exon20	NM_005228
NC_000007.13	55249086	55249086	EGFR	c.T2384	p.F795	hotspot	-	exon20	NM_005228
NC_000007.13	55249088	55249088	EGFR	c.G2386	p.G796	hotspot	-	exon20	NM_005228
NC_000007.13	55249089	55249089	EGFR	c.G2387	p.G796	hotspot	-	exon20	NM_005228
NC_000007.13	55249091	55249091	EGFR	c.T2389	p.C797	region_all	resistance_mutation	exon20	NM_005228
NC_000007.13	55249092	55249092	EGFR	c.G2390	p.C797	hotspot	resistance_mutation	exon20	NM_005228
NC_000007.13	55249093	55249093	EGFR	c.C2391	p.C797	region_all	resistance_mutation	exon20	NM_005228
NC_000007.13	55259412	55259567	EGFR	-	-	region	-	exon21	NM_005228
NC_000007.13	55259418	55259418	EGFR	c.A2476	p.N826	hotspot	-	exon21	NM_005228
NC_000007.13	55259419	55259419	EGFR	c.A2477	p.N826	hotspot	-	exon21	NM_005228
NC_000007.13	55259420	55259420	EGFR	c.C2478	p.N826	hotspot	-	exon21	NM_005228
NC_000007.13	55259457	55259457	EGFR	c.G2515	p.A839	hotspot	-	exon21	NM_005228
NC_000007.13	55259458	55259458	EGFR	c.C2516	p.A839	hotspot	-	exon21	NM_005228
NC_000007.13	55259459	55259459	EGFR	c.A2517	p.A839	hotspot	-	exon21	NM_005228
NC_000007.13	55259478	55259478	EGFR	c.A2536	p.K846	hotspot	-	exon21	NM_005228
NC_000007.13	55259479	55259479	EGFR	c.A2537	p.K846	hotspot	-	exon21	NM_005228
NC_000007.13	55259480	55259480	EGFR	c.A2538	p.K846	hotspot	-	exon21	NM_005228
NC_000007.13	55259514	55259514	EGFR	c.C2572	p.L858	hotspot	-	exon21	NM_005228
NC_000007.13	55259515	55259515	EGFR	c.T2573	p.L858	hotspot	-	exon21	NM_005228
NC_000007.13	55259516	55259516	EGFR	c.G2574	p.L858	hotspot	-	exon21	NM_005228
NC_000007.13	55259517	55259517	EGFR	c.G2575	p.A859	hotspot	-	exon21	NM_005228
NC_000007.13	55259523	55259523	EGFR	c.C2581	p.L861	hotspot	-	exon21	NM_005228
NC_000007.13	55259524	55259524	EGFR	c.T2582	p.L861	hotspot	-	exon21	NM_005228
NC_000007.13	55259525	55259525	EGFR	c.G2583	p.L861	hotspot	-	exon21	NM_005228
NC_000007.13	55259529	55259529	EGFR	c.G2587	p.G863	hotspot	-	exon21	NM_005228
NC_000007.13	55259530	55259530	EGFR	c.G2588	p.G863	hotspot	-	exon21	NM_005228
NC_000007.13	55259531	55259531	EGFR	c.T2589	p.G863	hotspot	-	exon21	NM_005228
NC_000007.13	55259532	55259532	EGFR	c.G2590	p.A864	hotspot	-	exon21	NM_005228
NC_000007.13	55259545	55259545	EGFR	c.A2603	p.E868	hotspot	-	exon21	NM_005228
NC_000007.13	55259550	55259550	EGFR	c.C2608	p.H870	hotspot	-	exon21	NM_005228
NC_000007.13	55259551	55259551	EGFR	c.A2609	p.H870	hotspot	-	exon21	NM_005228
NC_000007.13	55259553	55259553	EGFR	c.G2611	p.A871	hotspot	-	exon21	NM_005228
NC_000007.13	55259554	55259554	EGFR	c.C2612	p.A871	hotspot	-	exon21	NM_005228
NC_000007.13	55259560	55259560	EGFR	c.G2618	p.G873	hotspot	-	exon21	NM_005228
NC_000007.13	55259562	55259562	EGFR	c.G2620	p.G874	hotspot	-	exon21	NM_005228
NC_000007.13	116411800	116412100	MET	-	-	region_all	-	exon14	NM_001127500
NC_000007.13	116411883	116411883	MET	-	-	hotspot	-	intronic	NM_001127500
NC_000007.13	116411884	116411884	MET	-	-	hotspot	-	intronic	NM_001127500
NC_000007.13	116411888	116411888	MET	-	-	hotspot	-	intronic	NM_001127500
NC_000007.13	116411893	116411893	MET	-	-	hotspot	-	intronic	NM_001127500
NC_000007.13	116411901	116411901	MET	c.2942-2A	-	hotspot	-	exon14	NM_001127500
NC_000007.13	116411902	116411902	MET	c.2942-1G	-	hotspot	-	exon14	NM_001127500
NC_000007.13	116412043	116412043	MET	c.G3082	p.D1028	hotspot	-	exon14	NM_001127500
NC_000007.13	116412044	116412044	MET	c.3082+1G	-	hotspot	-	exon14	NM_001127500
NC_000007.13	116412045	116412045	MET	c.3082+2T	-	hotspot	-	exon14	NM_001127500
NC_000007.13	116412046	116412046	MET	c.3082+3A	-	hotspot	-	exon14	NM_001127500
NC_000007.13	116412047	116412047	MET	c.3082+4T	-	hotspot	-	exon14	NM_001127500
NC_000007.13	140453075	140453193	BRAF	-	-	indel	-	exon15	NM_004333
NC_000007.13	140453112	140453112	BRAF	c.A1823	p.H608	region	-	exon15	NM_004333
NC_000007.13	140453118	140453118	BRAF	c.G1817	p.G606	region	-	exon15	NM_004333
NC_000007.13	140453120	140453120	BRAF	c.T1815	p.S605	region	-	exon15	NM_004333
NC_000007.13	140453121	140453121	BRAF	c.G1814	p.S605	region	-	exon15	NM_004333
NC_000007.13	140453122	140453122	BRAF	c.A1813	p.S605	region	-	exon15	NM_004333
NC_000007.13	140453125	140453125	BRAF	c.T1810	p.W604	region	-	exon15	NM_004333
NC_000007.13	140453126	140453126	BRAF	c.A1809	p.R603	region	-	exon15	NM_004333
NC_000007.13	140453127	140453127	BRAF	c.G1808	p.R603	region	-	exon15	NM_004333
NC_000007.13	140453128	140453128	BRAF	c.C1807	p.R603	region	-	exon15	NM_004333
NC_000007.13	140453132	140453132	BRAF	c.A1803	p.K601	region	-	exon15	NM_004333
NC_000007.13	140453133	140453133	BRAF	c.A1802	p.K601	region	-	exon15	NM_004333
NC_000007.13	140453134	140453134	BRAF	c.A1801	p.K601	region	-	exon15	NM_004333
NC_000007.13	140453135	140453135	BRAF	c.G1800	p.V600	hotspot	-	exon15	NM_004333
NC_000007.13	140453136	140453136	BRAF	c.T1799	p.V600	hotspot	-	exon15	NM_004333
NC_000007.13	140453137	140453137	BRAF	c.G1798	p.V600	hotspot	-	exon15	NM_004333
NC_000007.13	140453138	140453138	BRAF	c.A1797	p.T599	hotspot	-	exon15	NM_004333
NC_000007.13	140453139	140453139	BRAF	c.C1796	p.T599	region	-	exon15	NM_004333
NC_000007.13	140453140	140453140	BRAF	c.A1795	p.T599	region	-	exon15	NM_004333
NC_000007.13	140453141	140453141	BRAF	c.T1794	p.A598	region	-	exon15	NM_004333
NC_000007.13	140453142	140453142	BRAF	c.C1793	p.A598	region	-	exon15	NM_004333
NC_000007.13	140453143	140453143	BRAF	c.G1792	p.A598	region	-	exon15	NM_004333
NC_000007.13	140453144	140453144	BRAF	c.A1791	p.L597	region	-	exon15	NM_004333
NC_000007.13	140453145	140453145	BRAF	c.T1790	p.L597	region	-	exon15	NM_004333
NC_000007.13	140453146	140453146	BRAF	c.C1789	p.L597	region	-	exon15	NM_004333
NC_000007.13	140453147	140453147	BRAF	c.T1788	p.G596	region	-	exon15	NM_004333
NC_000007.13	140453148	140453148	BRAF	c.G1787	p.G596	region	-	exon15	NM_004333
NC_000007.13	140453149	140453149	BRAF	c.G1786	p.G596	region	-	exon15	NM_004333
NC_000007.13	140453150	140453150	BRAF	c.T1785	p.F595	region	-	exon15	NM_004333
NC_000007.13	140453151	140453151	BRAF	c.T1784	p.F595	region	-	exon15	NM_004333
NC_000007.13	140453152	140453152	BRAF	c.T1783	p.F595	region	-	exon15	NM_004333
NC_000007.13	140453153	140453153	BRAF	c.T1782	p.D594	region	-	exon15	NM_004333
NC_000007.13	140453154	140453154	BRAF	c.A1781	p.D594	region	-	exon15	NM_004333
NC_000007.13	140453155	140453155	BRAF	c.G1780	p.D594	region	-	exon15	NM_004333
NC_000007.13	140453159	140453159	BRAF	c.A1776	p.I592	region	-	exon15	NM_004333
NC_000007.13	140453160	140453160	BRAF	c.T1775	p.I592	region	-	exon15	NM_004333
NC_000007.13	140453161	140453161	BRAF	c.A1774	p.I592	region	-	exon15	NM_004333
NC_000007.13	140453168	140453168	BRAF	c.A1767	p.T589	region	-	exon15	NM_004333
NC_000007.13	140453169	140453169	BRAF	c.C1766	p.T589	region	-	exon15	NM_004333
NC_000007.13	140453170	140453170	BRAF	c.A1765	p.T589	region	-	exon15	NM_004333
NC_000007.13	140453174	140453174	BRAF	c.C1761	p.D587	region	-	exon15	NM_004333
NC_000007.13	140453175	140453175	BRAF	c.A1760	p.D587	region	-	exon15	NM_004333
NC_000007.13	140453176	140453176	BRAF	c.G1759	p.D587	region	-	exon15	NM_004333
NC_000007.13	140453179	140453179	BRAF	c.G1756	p.E586	region	-	exon15	NM_004333
NC_000007.13	140453184	140453184	BRAF	c.T1751	p.L584	region	-	exon15	NM_004333
NC_000007.13	140453185	140453185	BRAF	c.C1750	p.L584	region	-	exon15	NM_004333
NC_000007.13	140453189	140453189	BRAF	c.A1746	p.I582	region	-	exon15	NM_004333
NC_000007.13	140453193	140453193	BRAF	c.A1742	p.N581	region	-	exon15	NM_004333
NC_000007.13	140481384	140481384	BRAF	c.A1424	p.K475	region	-	exon11	NM_004333
NC_000007.13	140481396	140481396	BRAF	c.T1412	p.V471	region	-	exon11	NM_004333
NC_000007.13	140481397	140481397	BRAF	c.G1411	p.V471	region	-	exon11	NM_004333
NC_000007.13	140481401	140481401	BRAF	c.A1407	p.G469	region	-	exon11	NM_004333
NC_000007.13	140481402	140481402	BRAF	c.G1406	p.G469	region	-	exon11	NM_004333
NC_000007.13	140481403	140481403	BRAF	c.G1405	p.G469	region	-	exon11	NM_004333
NC_000007.13	140481410	140481410	BRAF	c.A1398	p.G466	region	-	exon11	NM_004333
NC_000007.13	140481411	140481411	BRAF	c.G1397	p.G466	region	-	exon11	NM_004333
NC_000007.13	140481412	140481412	BRAF	c.G1396	p.G466	region	-	exon11	NM_004333
NC_000007.13	140481416	140481416	BRAF	c.A1392	p.G464	region	-	exon11	NM_004333
NC_000007.13	140481417	140481417	BRAF	c.G1391	p.G464	region	-	exon11	NM_004333
NC_000007.13	140481418	140481418	BRAF	c.G1390	p.G464	region	-	exon11	NM_004333
NC_000007.13	140481423	140481423	BRAF	c.G1385	p.R462	region	-	exon11	NM_004333
NC_000007.13	140481451	140481451	BRAF	c.C1357	p.P453	region	-	exon11	NM_004333
NC_000007.13	140481476	140481476	BRAF	c.G1332	p.R444	region	-	exon11	NM_004333
NC_000007.13	140481477	140481477	BRAF	c.G1331	p.R444	region	-	exon11	NM_004333
NC_000007.13	140481478	140481478	BRAF	c.C1330	p.R444	region	-	exon11	NM_004333
NC_000012.11	25378548	25378707	KRAS	-	-	indel	-	exon4	NM_004985
NC_000012.11	25378557	25378557	KRAS	c.G441	p.K147	region	-	exon4	NM_004985
NC_000012.11	25378560	25378560	KRAS	c.A438	p.A146	hotspot	-	exon4	NM_004985
NC_000012.11	25378561	25378561	KRAS	c.C437	p.A146	hotspot	-	exon4	NM_004985
NC_000012.11	25378562	25378562	KRAS	c.G436	p.A146	hotspot	-	exon4	NM_004985
NC_000012.11	25378645	25378645	KRAS	c.G353	p.C118	hotspot	-	exon4	NM_004985
NC_000012.11	25378647	25378647	KRAS	c.A351	p.K117	hotspot	-	exon4	NM_004985
NC_000012.11	25378648	25378648	KRAS	c.A350	p.K117	hotspot	-	exon4	NM_004985
NC_000012.11	25378649	25378649	KRAS	c.A349	p.K117	hotspot	-	exon4	NM_004985
NC_000012.11	25380168	25380346	KRAS	-	-	indel	-	exon3	NM_004985
NC_000012.11	25380275	25380275	KRAS	c.A183	p.Q61	hotspot	-	exon3	NM_004985
NC_000012.11	25380276	25380276	KRAS	c.A182	p.Q61	hotspot	-	exon3	NM_004985
NC_000012.11	25380277	25380277	KRAS	c.C181	p.Q61	hotspot	-	exon3	NM_004985
NC_000012.11	25380278	25380278	KRAS	c.T180	p.G60	hotspot	-	exon3	NM_004985
NC_000012.11	25380279	25380279	KRAS	c.G179	p.G60	hotspot	-	exon3	NM_004985
NC_000012.11	25380280	25380280	KRAS	c.G178	p.G60	hotspot	-	exon3	NM_004985
NC_000012.11	25380281	25380281	KRAS	c.A177	p.A59	hotspot	-	exon3	NM_004985
NC_000012.11	25380282	25380282	KRAS	c.C176	p.A59	hotspot	-	exon3	NM_004985
NC_000012.11	25380283	25380283	KRAS	c.G175	p.A59	hotspot	-	exon3	NM_004985
NC_000012.11	25380284	25380284	KRAS	c.A174	p.T58	region	-	exon3	NM_004985
NC_000012.11	25380285	25380285	KRAS	c.C173	p.T58	region	-	exon3	NM_004985
NC_000012.11	25380286	25380286	KRAS	c.A172	p.T58	region	-	exon3	NM_004985
NC_000012.11	25398208	25398329	KRAS	-	-	indel	-	exon2	NM_004985
NC_000012.11	25398255	25398255	KRAS	c.C64	p.Q22	region	-	exon2	NM_004985
NC_000012.11	25398262	25398262	KRAS	c.G57	p.L19	region	-	exon2	NM_004985
NC_000012.11	25398266	25398266	KRAS	c.C53	p.A18	region	-	exon2	NM_004985
NC_000012.11	25398276	25398276	KRAS	c.G43	p.G15	region	-	exon2	NM_004985
NC_000012.11	25398279	25398279	KRAS	c.G40	p.V14	region	-	exon2	NM_004985
NC_000012.11	25398280	25398280	KRAS	c.C39	p.G13	hotspot	-	exon2	NM_004985
NC_000012.11	25398281	25398281	KRAS	c.G38	p.G13	hotspot	-	exon2	NM_004985
NC_000012.11	25398282	25398282	KRAS	c.G37	p.G13	hotspot	-	exon2	NM_004985
NC_000012.11	25398283	25398283	KRAS	c.T36	p.G12	hotspot	-	exon2	NM_004985
NC_000012.11	25398284	25398284	KRAS	c.G35	p.G12	hotspot	-	exon2	NM_004985
NC_000012.11	25398285	25398285	KRAS	c.G34	p.G12	hotspot	-	exon2	NM_004985
NC_000012.11	25398286	25398286	KRAS	c.T33	p.A11	hotspot	-	exon2	NM_004985
NC_000012.11	25398287	25398287	KRAS	c.C32	p.A11	region	-	exon2	NM_004985
NC_000012.11	25398288	25398288	KRAS	c.G31	p.A11	region	-	exon2	NM_004985
NC_000012.11	25398289	25398289	KRAS	c.A30	p.G10	region	-	exon2	NM_004985
NC_000017.10	37865600	37865600	ERBB2	c.C469	p.R157	region	-	exon4	NM_004448
NC_000017.10	37868208	37868208	ERBB2	c.C929	p.S310	region_all	-	exon8	NM_004448
NC_000017.10	37871593	37871593	ERBB2	c.G1203	p.E401	region	-	exon10	NM_004448
NC_000017.10	37876038	37876038	ERBB2	c.1899-2A	-	region	-	exon16	NM_004448
NC_000017.10	37880219	37880219	ERBB2	c.T2263	p.L755	region_all	-	exon19	NM_004448
NC_000017.10	37880220	37880220	ERBB2	c.T2264	p.L755	region_all	-	exon19	NM_004448
NC_000017.10	37880979	37881164	ERBB2	-	-	indel	-	exon20	NM_004448
NC_000017.10	37880979	37880979	ERBB2	-	p.E770	region_all	-	exon20	NM_004448
NC_000017.10	37880980	37880980	ERBB2	-	p.E770	region_all	-	exon20	NM_004448
NC_000017.10	37880981	37880981	ERBB2	-	p.E770	region_all	-	exon20	NM_004448
NC_000017.10	37880982	37880982	ERBB2	-	p.A771	region_all	-	exon20	NM_004448
NC_000017.10	37880983	37880983	ERBB2	-	p.A771	region_all	-	exon20	NM_004448
NC_000017.10	37880984	37880984	ERBB2	-	p.A771	region_all	-	exon20	NM_004448
NC_000017.10	37880985	37880985	ERBB2	-	p.Y772	region_all	-	exon20	NM_004448
NC_000017.10	37880986	37880986	ERBB2	-	p.Y772	region_all	-	exon20	NM_004448
NC_000017.10	37880987	37880987	ERBB2	-	p.Y772	region_all	-	exon20	NM_004448
NC_000017.10	37880988	37880988	ERBB2	-	p.V773	region_all	-	exon20	NM_004448
NC_000017.10	37880989	37880989	ERBB2	-	p.V773	region_all	-	exon20	NM_004448
NC_000017.10	37880990	37880990	ERBB2	-	p.V773	region_all	-	exon20	NM_004448
NC_000017.10	37880991	37880991	ERBB2	-	p.M774	region_all	-	exon20	NM_004448
NC_000017.10	37880992	37880992	ERBB2	-	p.M774	region_all	-	exon20	NM_004448
NC_000017.10	37880993	37880993	ERBB2	-	p.M774	region_all	-	exon20	NM_004448
NC_000017.10	37880994	37880994	ERBB2	-	p.A775	region_all	-	exon20	NM_004448
NC_000017.10	37880995	37880995	ERBB2	-	p.A775	region_all	-	exon20	NM_004448
NC_000017.10	37880996	37880996	ERBB2	-	p.A775	region_all	-	exon20	NM_004448
NC_000017.10	37880997	37880997	ERBB2	c.G2326	p.G776	region_all	-	exon20	NM_004448
NC_000017.10	37880998	37880998	ERBB2	c.G2327	p.G776	region_all	-	exon20	NM_004448
NC_000017.10	37880999	37880999	ERBB2	c.T2328	p.G776	region_all	-	exon20	NM_004448
